Experiment,1
Plot title,My experiment

Number of,2
plots

Number of,2001
points

Time,N,Square root of C at cutoff distance
0,5.59471,5.59471
0.1,5.63268,5.63264
0.2,5.67039,5.67031
0.3,5.70782,5.7077
0.4,5.74497,5.74481
0.5,5.78183,5.78163
0.6,5.8184,5.81816
0.7,5.85467,5.85439
0.8,5.89064,5.89032
0.9,5.92629,5.92594
1,5.96164,5.96125
1.1,5.99666,5.99624
1.2,6.03136,6.0309
1.3,6.06573,6.06523
1.4,6.09976,6.09923
1.5,6.13345,6.1329
1.6,6.1668,6.16622
1.7,6.19981,6.19919
1.8,6.23246,6.23181
1.9,6.26476,6.26408
2,6.29669,6.29599
2.1,6.32827,6.32754
2.2,6.35948,6.35872
2.3,6.39032,6.38954
2.4,6.42079,6.41999
2.5,6.45088,6.45006
2.6,6.4806,6.47976
2.7,6.50994,6.50908
2.8,6.53889,6.53802
2.9,6.56746,6.56657
3,6.59564,6.59474
3.1,6.62344,6.62253
3.2,6.65085,6.64993
3.3,6.67786,6.67693
3.4,6.70448,6.70355
3.5,6.73071,6.72978
3.6,6.75654,6.75561
3.7,6.78198,6.78105
3.8,6.80702,6.80609
3.9,6.83166,6.83074
4,6.85591,6.85499
4.1,6.87975,6.87885
4.2,6.9032,6.90231
4.3,6.92625,6.92538
4.4,6.9489,6.94805
4.5,6.97115,6.97032
4.6,6.993,6.99219
4.7,7.01445,7.01368
4.8,7.03551,7.03476
4.9,7.05617,7.05546
5,7.07643,7.07575
5.1,7.09629,7.09566
5.2,7.11576,7.11517
5.3,7.13484,7.1343
5.4,7.15352,7.15303
5.5,7.17181,7.17138
5.6,7.18972,7.18934
5.7,7.20723,7.20691
5.8,7.22435,7.2241
5.9,7.24109,7.24091
6,7.25744,7.25734
6.1,7.27341,7.27338
6.2,7.289,7.28905
6.3,7.30421,7.30435
6.4,7.31904,7.31927
6.5,7.33349,7.33382
6.6,7.34757,7.348
6.7,7.36128,7.36181
6.8,7.37462,7.37526
6.9,7.38759,7.38834
7,7.4002,7.40107
7.1,7.41244,7.41343
7.2,7.42432,7.42544
7.3,7.43585,7.43709
7.4,7.44702,7.4484
7.5,7.45783,7.45935
7.6,7.46829,7.46996
7.7,7.47841,7.48023
7.8,7.48817,7.49015
7.9,7.4976,7.49974
8,7.50668,7.50899
8.1,7.51543,7.51791
8.2,7.52383,7.52649
8.3,7.53191,7.53475
8.4,7.53965,7.54268
8.5,7.54707,7.55029
8.6,7.55416,7.55759
8.7,7.56093,7.56456
8.8,7.56738,7.57122
8.9,7.57352,7.57757
9,7.57933,7.58361
9.1,7.58484,7.58935
9.2,7.59004,7.59478
9.3,7.59494,7.59992
9.4,7.59953,7.60475
9.5,7.60382,7.60929
9.6,7.60781,7.61354
9.7,7.61151,7.61751
9.8,7.61492,7.62118
9.9,7.61804,7.62458
10,7.62087,7.62769
10.1,7.62342,7.63053
10.2,7.62569,7.63309
10.3,7.62768,7.63538
10.4,7.6294,7.6374
10.5,7.63084,7.63916
10.6,7.63202,7.64065
10.7,7.63293,7.64188
10.8,7.63358,7.64286
10.9,7.63396,7.64358
11,7.63409,7.64405
11.1,7.63396,7.64427
11.2,7.63358,7.64424
11.3,7.63296,7.64397
11.4,7.63208,7.64346
11.5,7.63096,7.64271
11.6,7.6296,7.64173
11.7,7.628,7.64051
11.8,7.62617,7.63907
11.9,7.6241,7.63739
12,7.6218,7.63549
12.1,7.61927,7.63337
12.2,7.61652,7.63103
12.3,7.61355,7.62847
12.4,7.61035,7.6257
12.5,7.60694,7.62272
12.6,7.60332,7.61952
12.7,7.59948,7.61612
12.8,7.59543,7.61252
12.9,7.59118,7.60871
13,7.58672,7.60471
13.1,7.58206,7.60051
13.2,7.5772,7.59611
13.3,7.57215,7.59153
13.4,7.5669,7.58675
13.5,7.56146,7.58179
13.6,7.55583,7.57664
13.7,7.55001,7.57131
13.8,7.54401,7.5658
13.9,7.53783,7.56012
14,7.53146,7.55426
14.1,7.52492,7.54822
14.2,7.51821,7.54202
14.3,7.51132,7.53565
14.4,7.50427,7.52911
14.5,7.49705,7.52241
14.6,7.48966,7.51554
14.7,7.48211,7.50852
14.8,7.4744,7.50134
14.9,7.46653,7.49401
15,7.4585,7.48652
15.1,7.45032,7.47889
15.2,7.44199,7.4711
15.3,7.43351,7.46317
15.4,7.42489,7.4551
15.5,7.41612,7.44688
15.6,7.40721,7.43853
15.7,7.39815,7.43004
15.8,7.38896,7.42141
15.9,7.37964,7.41264
16,7.37018,7.40375
16.1,7.36059,7.39473
16.2,7.35087,7.38558
16.3,7.34102,7.3763
16.4,7.33105,7.3669
16.5,7.32095,7.35738
16.6,7.31074,7.34774
16.7,7.3004,7.33798
16.8,7.28995,7.3281
16.9,7.27939,7.31812
17,7.26871,7.30802
17.1,7.25792,7.29781
17.2,7.24702,7.28749
17.3,7.23602,7.27706
17.4,7.22491,7.26653
17.5,7.2137,7.2559
17.6,7.20239,7.24517
17.7,7.19098,7.23434
17.8,7.17947,7.22341
17.9,7.16787,7.21238
18,7.15617,7.20127
18.1,7.14439,7.19006
18.2,7.13252,7.17876
18.3,7.12055,7.16737
18.4,7.10851,7.15589
18.5,7.09638,7.14433
18.6,7.08417,7.13269
18.7,7.07188,7.12096
18.8,7.05951,7.10915
18.9,7.04706,7.09727
19,7.03454,7.08531
19.1,7.02195,7.07327
19.2,7.00929,7.06116
19.3,6.99656,7.04898
19.4,6.98376,7.03673
19.5,6.9709,7.02441
19.6,6.95797,7.01202
19.7,6.94498,6.99957
19.8,6.93193,6.98705
19.9,6.91882,6.97448
20,6.90566,6.96184
20.1,6.89244,6.94914
20.2,6.87916,6.93638
20.3,6.86583,6.92356
20.4,6.85246,6.9107
20.5,6.83903,6.89777
20.6,6.82556,6.8848
20.7,6.81204,6.87177
20.8,6.79848,6.8587
20.9,6.78487,6.84558
21,6.77123,6.83241
21.1,6.75754,6.8192
21.2,6.74382,6.80594
21.3,6.73006,6.79264
21.4,6.71626,6.77931
21.5,6.70243,6.76593
21.6,6.68857,6.75251
21.7,6.67468,6.73906
21.8,6.66076,6.72557
21.9,6.64681,6.71205
22,6.63284,6.69849
22.1,6.61884,6.6849
22.2,6.60482,6.67129
22.3,6.59077,6.65764
22.4,6.57671,6.64396
22.5,6.56262,6.63026
22.6,6.54852,6.61654
22.7,6.5344,6.60279
22.8,6.52026,6.58901
22.9,6.50611,6.57522
23,6.49195,6.5614
23.1,6.47777,6.54757
23.2,6.46358,6.53372
23.3,6.44939,6.51985
23.4,6.43518,6.50596
23.5,6.42097,6.49206
23.6,6.40675,6.47814
23.7,6.39253,6.46422
23.8,6.37831,6.45028
23.9,6.36408,6.43633
24,6.34985,6.42237
24.1,6.33562,6.4084
24.2,6.32139,6.39442
24.3,6.30716,6.38044
24.4,6.29294,6.36646
24.5,6.27872,6.35246
24.6,6.2645,6.33847
24.7,6.25029,6.32447
24.8,6.23609,6.31047
24.9,6.2219,6.29647
25,6.20771,6.28247
25.1,6.19354,6.26848
25.2,6.17937,6.25448
25.3,6.16522,6.24049
25.4,6.15108,6.2265
25.5,6.13695,6.21251
25.6,6.12284,6.19854
25.7,6.10874,6.18456
25.8,6.09466,6.1706
25.9,6.08059,6.15664
26,6.06654,6.14269
26.1,6.05252,6.12876
26.2,6.03851,6.11483
26.3,6.02452,6.10091
26.4,6.01055,6.08701
26.5,5.9966,6.07312
26.6,5.98268,6.05924
26.7,5.96877,6.04538
26.8,5.9549,6.03153
26.9,5.94104,6.01769
27,5.92721,6.00388
27.1,5.91341,5.99008
27.2,5.89963,5.9763
27.3,5.88588,5.96253
27.4,5.87216,5.94879
27.5,5.85847,5.93506
27.6,5.8448,5.92136
27.7,5.83117,5.90767
27.8,5.81756,5.89401
27.9,5.80398,5.88037
28,5.79044,5.86675
28.1,5.77693,5.85316
28.2,5.76345,5.83959
28.3,5.75,5.82604
28.4,5.73658,5.81252
28.5,5.7232,5.79902
28.6,5.70985,5.78555
28.7,5.69654,5.7721
28.8,5.68326,5.75869
28.9,5.67002,5.7453
29,5.65681,5.73193
29.1,5.64364,5.7186
29.2,5.6305,5.70529
29.3,5.61741,5.69201
29.4,5.60435,5.67877
29.5,5.59132,5.66555
29.6,5.57834,5.65236
29.7,5.56539,5.6392
29.8,5.55248,5.62608
29.9,5.53961,5.61298
30,5.52678,5.59992
30.1,5.51399,5.58689
30.2,5.50124,5.57389
30.3,5.48853,5.56093
30.4,5.47586,5.548
30.5,5.46323,5.5351
30.6,5.45065,5.52224
30.7,5.4381,5.50941
30.8,5.42559,5.49661
30.9,5.41313,5.48385
31,5.4007,5.47112
31.1,5.38832,5.45843
31.2,5.37598,5.44578
31.3,5.36369,5.43316
31.4,5.35143,5.42057
31.5,5.33922,5.40803
31.6,5.32705,5.39552
31.7,5.31493,5.38304
31.8,5.30285,5.3706
31.9,5.29081,5.3582
32,5.27881,5.34584
32.1,5.26686,5.33352
32.2,5.25495,5.32123
32.3,5.24308,5.30898
32.4,5.23125,5.29675
32.5,5.21945,5.28456
32.6,5.20768,5.2724
32.7,5.19594,5.26026
32.8,5.18423,5.24814
32.9,5.17255,5.23605
33,5.16089,5.22398
33.1,5.14925,5.21193
33.2,5.13763,5.19989
33.3,5.12603,5.18788
33.4,5.11446,5.17589
33.5,5.1029,5.16391
33.6,5.09137,5.15195
33.7,5.07986,5.14002
33.8,5.06836,5.1281
33.9,5.05689,5.1162
34,5.04544,5.10432
34.1,5.03402,5.09247
34.2,5.02261,5.08063
34.3,5.01122,5.06881
34.4,4.99985,5.05701
34.5,4.98851,5.04523
34.6,4.97718,5.03347
34.7,4.96588,5.02173
34.8,4.95459,5.01001
34.9,4.94332,4.9983
35,4.93207,4.98662
35.1,4.92084,4.97495
35.2,4.90963,4.9633
35.3,4.89843,4.95167
35.4,4.88726,4.94005
35.5,4.8761,4.92846
35.6,4.86496,4.91688
35.7,4.85384,4.90532
35.8,4.84273,4.89378
35.9,4.83165,4.88226
36,4.82059,4.87077
36.1,4.80955,4.85929
36.2,4.79853,4.84783
36.3,4.78752,4.83639
36.4,4.77654,4.82498
36.5,4.76558,4.81358
36.6,4.75464,4.8022
36.7,4.74372,4.79085
36.8,4.73282,4.77952
36.9,4.72194,4.7682
37,4.71108,4.75691
37.1,4.70025,4.74565
37.2,4.68943,4.7344
37.3,4.67863,4.72317
37.4,4.66786,4.71197
37.5,4.65711,4.70079
37.6,4.64637,4.68963
37.7,4.63566,4.67849
37.8,4.62497,4.66737
37.9,4.61431,4.65628
38,4.60366,4.64521
38.1,4.59304,4.63416
38.2,4.58244,4.62314
38.3,4.57186,4.61214
38.4,4.5613,4.60116
38.5,4.55076,4.5902
38.6,4.54025,4.57927
38.7,4.52976,4.56836
38.8,4.51929,4.55748
38.9,4.50884,4.54661
39,4.49842,4.53577
39.1,4.48801,4.52495
39.2,4.47763,4.51416
39.3,4.46727,4.50338
39.4,4.45693,4.49264
39.5,4.44661,4.48191
39.6,4.43632,4.47121
39.7,4.42605,4.46053
39.8,4.4158,4.44988
39.9,4.40558,4.43925
40,4.39537,4.42864
40.1,4.3852,4.41806
40.2,4.37504,4.40751
40.3,4.36491,4.39697
40.4,4.3548,4.38647
40.5,4.34472,4.37598
40.6,4.33465,4.36553
40.7,4.32462,4.35509
40.8,4.3146,4.34469
40.9,4.30461,4.3343
41,4.29465,4.32395
41.1,4.28471,4.31361
41.2,4.27479,4.30331
41.3,4.26489,4.29302
41.4,4.25502,4.28277
41.5,4.24518,4.27253
41.6,4.23536,4.26233
41.7,4.22556,4.25214
41.8,4.21579,4.24199
41.9,4.20604,4.23186
42,4.19631,4.22175
42.1,4.18661,4.21167
42.2,4.17693,4.20161
42.3,4.16728,4.19158
42.4,4.15765,4.18158
42.5,4.14804,4.1716
42.6,4.13846,4.16164
42.7,4.1289,4.15171
42.8,4.11937,4.14181
42.9,4.10986,4.13193
43,4.10038,4.12208
43.1,4.09092,4.11225
43.2,4.08149,4.10245
43.3,4.07208,4.09268
43.4,4.06269,4.08293
43.5,4.05333,4.0732
43.6,4.04399,4.0635
43.7,4.03468,4.05383
43.8,4.02539,4.04418
43.9,4.01613,4.03456
44,4.00689,4.02496
44.1,3.99767,4.01539
44.2,3.98848,4.00584
44.3,3.97931,3.99632
44.4,3.97017,3.98683
44.5,3.96105,3.97736
44.6,3.95196,3.96792
44.7,3.94289,3.9585
44.8,3.93385,3.9491
44.9,3.92483,3.93974
45,3.91583,3.93039
45.1,3.90686,3.92108
45.2,3.89791,3.91179
45.3,3.88899,3.90252
45.4,3.88009,3.89328
45.5,3.87122,3.88406
45.6,3.86237,3.87487
45.7,3.85354,3.86571
45.8,3.84474,3.85657
45.9,3.83596,3.84745
46,3.8272,3.83836
46.1,3.81847,3.82929
46.2,3.80976,3.82025
46.3,3.80108,3.81123
46.4,3.79241,3.80224
46.5,3.78378,3.79327
46.6,3.77516,3.78433
46.7,3.76657,3.77541
46.8,3.758,3.76651
46.9,3.74945,3.75764
47,3.74093,3.74879
47.1,3.73243,3.73997
47.2,3.72395,3.73117
47.3,3.7155,3.72239
47.4,3.70707,3.71364
47.5,3.69866,3.70491
47.6,3.69027,3.6962
47.7,3.68191,3.68752
47.8,3.67356,3.67886
47.9,3.66524,3.67023
48,3.65695,3.66162
48.1,3.64867,3.65303
48.2,3.64042,3.64446
48.3,3.63219,3.63592
48.4,3.62398,3.6274
48.5,3.6158,3.61891
48.6,3.60764,3.61044
48.7,3.5995,3.60199
48.8,3.59138,3.59356
48.9,3.58328,3.58516
49,3.57521,3.57678
49.1,3.56715,3.56842
49.2,3.55912,3.56009
49.3,3.55111,3.55177
49.4,3.54312,3.54349
49.5,3.53516,3.53522
49.6,3.52721,3.52697
49.7,3.51929,3.51875
49.8,3.51138,3.51055
49.9,3.5035,3.50237
50,3.49564,3.49422
50.1,3.48781,3.48608
50.2,3.47999,3.47797
50.3,3.47219,3.46988
50.4,3.46442,3.46181
50.5,3.45666,3.45377
50.6,3.44893,3.44574
50.7,3.44122,3.43774
50.8,3.43353,3.42976
50.9,3.42586,3.4218
51,3.41821,3.41387
51.1,3.41058,3.40595
51.2,3.40297,3.39806
51.3,3.39538,3.39018
51.4,3.38781,3.38233
51.5,3.38027,3.3745
51.6,3.37274,3.36669
51.7,3.36523,3.35891
51.8,3.35775,3.35114
51.9,3.35028,3.34339
52,3.34284,3.33567
52.1,3.33541,3.32797
52.2,3.32801,3.32029
52.3,3.32062,3.31262
52.4,3.31326,3.30498
52.5,3.30591,3.29736
52.6,3.29859,3.28976
52.7,3.29128,3.28219
52.8,3.28399,3.27463
52.9,3.27673,3.26709
53,3.26948,3.25957
53.1,3.26225,3.25208
53.2,3.25505,3.2446
53.3,3.24786,3.23714
53.4,3.24069,3.22971
53.5,3.23354,3.22229
53.6,3.22641,3.21489
53.7,3.21929,3.20752
53.8,3.2122,3.20016
53.9,3.20513,3.19282
54,3.19807,3.1855
54.1,3.19104,3.17821
54.2,3.18402,3.17093
54.3,3.17702,3.16367
54.4,3.17004,3.15643
54.5,3.16308,3.14921
54.6,3.15614,3.14201
54.7,3.14921,3.13483
54.8,3.14231,3.12767
54.9,3.13542,3.12053
55,3.12855,3.1134
55.1,3.1217,3.1063
55.2,3.11487,3.09921
55.3,3.10806,3.09215
55.4,3.10126,3.0851
55.5,3.09448,3.07807
55.6,3.08772,3.07106
55.7,3.08098,3.06407
55.8,3.07426,3.0571
55.9,3.06755,3.05014
56,3.06086,3.04321
56.1,3.05419,3.03629
56.2,3.04754,3.02939
56.3,3.0409,3.02251
56.4,3.03428,3.01565
56.5,3.02768,3.00881
56.6,3.0211,3.00198
56.7,3.01453,2.99517
56.8,3.00798,2.98838
56.9,3.00145,2.98161
57,2.99493,2.97486
57.1,2.98843,2.96812
57.2,2.98195,2.9614
57.3,2.97549,2.9547
57.4,2.96904,2.94802
57.5,2.96261,2.94135
57.6,2.9562,2.93471
57.7,2.9498,2.92808
57.8,2.94342,2.92146
57.9,2.93705,2.91487
58,2.93071,2.90829
58.1,2.92438,2.90173
58.2,2.91806,2.89518
58.3,2.91176,2.88866
58.4,2.90548,2.88215
58.5,2.89921,2.87565
58.6,2.89296,2.86918
58.7,2.88673,2.86272
58.8,2.88051,2.85628
58.9,2.87431,2.84985
59,2.86813,2.84344
59.1,2.86196,2.83705
59.2,2.8558,2.83068
59.3,2.84967,2.82432
59.4,2.84354,2.81798
59.5,2.83744,2.81165
59.6,2.83134,2.80534
59.7,2.82527,2.79905
59.8,2.81921,2.79277
59.9,2.81316,2.78651
60,2.80714,2.78027
60.1,2.80112,2.77404
60.2,2.79512,2.76783
60.3,2.78914,2.76163
60.4,2.78317,2.75545
60.5,2.77722,2.74929
60.6,2.77128,2.74314
60.7,2.76536,2.73701
60.8,2.75945,2.73089
60.9,2.75355,2.72479
61,2.74768,2.7187
61.1,2.74181,2.71263
61.2,2.73596,2.70658
61.3,2.73013,2.70054
61.4,2.72431,2.69452
61.5,2.7185,2.68851
61.6,2.71271,2.68252
61.7,2.70694,2.67654
61.8,2.70117,2.67058
61.9,2.69543,2.66463
62,2.68969,2.6587
62.1,2.68397,2.65278
62.2,2.67827,2.64688
62.3,2.67258,2.64099
62.4,2.6669,2.63512
62.5,2.66124,2.62926
62.6,2.65559,2.62342
62.7,2.64996,2.61759
62.8,2.64434,2.61178
62.9,2.63873,2.60598
63,2.63314,2.6002
63.1,2.62756,2.59443
63.2,2.622,2.58868
63.3,2.61645,2.58294
63.4,2.61091,2.57721
63.5,2.60538,2.5715
63.6,2.59987,2.56581
63.7,2.59438,2.56012
63.8,2.58889,2.55446
63.9,2.58342,2.5488
64,2.57797,2.54316
64.1,2.57252,2.53754
64.2,2.56709,2.53193
64.3,2.56168,2.52633
64.4,2.55627,2.52075
64.5,2.55088,2.51518
64.6,2.54551,2.50962
64.7,2.54014,2.50408
64.8,2.53479,2.49855
64.9,2.52945,2.49304
65,2.52413,2.48754
65.1,2.51881,2.48205
65.2,2.51351,2.47658
65.3,2.50823,2.47112
65.4,2.50295,2.46568
65.5,2.49769,2.46024
65.6,2.49244,2.45482
65.7,2.48721,2.44942
65.8,2.48199,2.44403
65.9,2.47677,2.43865
66,2.47158,2.43328
66.1,2.46639,2.42793
66.2,2.46122,2.42259
66.3,2.45606,2.41727
66.4,2.45091,2.41196
66.5,2.44577,2.40666
66.6,2.44065,2.40137
66.7,2.43554,2.3961
66.8,2.43044,2.39084
66.9,2.42535,2.38559
67,2.42027,2.38036
67.1,2.41521,2.37514
67.2,2.41016,2.36993
67.3,2.40512,2.36473
67.4,2.40009,2.35955
67.5,2.39508,2.35438
67.6,2.39008,2.34922
67.7,2.38509,2.34408
67.8,2.38011,2.33895
67.9,2.37514,2.33383
68,2.37018,2.32872
68.1,2.36524,2.32363
68.2,2.36031,2.31854
68.3,2.35539,2.31347
68.4,2.35048,2.30842
68.5,2.34558,2.30337
68.6,2.34069,2.29834
68.7,2.33582,2.29332
68.8,2.33095,2.28831
68.9,2.3261,2.28332
69,2.32126,2.27833
69.1,2.31643,2.27336
69.2,2.31162,2.2684
69.3,2.30681,2.26345
69.4,2.30201,2.25852
69.5,2.29723,2.25359
69.6,2.29246,2.24868
69.7,2.2877,2.24378
69.8,2.28295,2.2389
69.9,2.27821,2.23402
70,2.27348,2.22916
70.1,2.26876,2.2243
70.2,2.26405,2.21946
70.3,2.25936,2.21464
70.4,2.25467,2.20982
70.5,2.25,2.20501
70.6,2.24534,2.20022
70.7,2.24069,2.19544
70.8,2.23604,2.19067
70.9,2.23141,2.18591
71,2.22679,2.18116
71.1,2.22219,2.17642
71.2,2.21759,2.1717
71.3,2.213,2.16698
71.4,2.20842,2.16228
71.5,2.20385,2.15759
71.6,2.1993,2.15291
71.7,2.19475,2.14824
71.8,2.19022,2.14358
71.9,2.18569,2.13894
72,2.18118,2.1343
72.1,2.17667,2.12968
72.2,2.17218,2.12506
72.3,2.16769,2.12046
72.4,2.16322,2.11587
72.5,2.15876,2.11129
72.6,2.1543,2.10672
72.7,2.14986,2.10216
72.8,2.14543,2.09762
72.9,2.14101,2.09308
73,2.13659,2.08855
73.1,2.13219,2.08404
73.2,2.1278,2.07953
73.3,2.12341,2.07504
73.4,2.11904,2.07055
73.5,2.11468,2.06608
73.6,2.11033,2.06162
73.7,2.10598,2.05717
73.8,2.10165,2.05273
73.9,2.09733,2.04829
74,2.09301,2.04387
74.1,2.08871,2.03946
74.2,2.08441,2.03506
74.3,2.08013,2.03067
74.4,2.07585,2.0263
74.5,2.07159,2.02193
74.6,2.06733,2.01757
74.7,2.06309,2.01322
74.8,2.05885,2.00888
74.9,2.05462,2.00455
75,2.05041,2.00024
75.1,2.0462,1.99593
75.2,2.042,1.99163
75.3,2.03781,1.98734
75.4,2.03363,1.98307
75.5,2.02946,1.9788
75.6,2.0253,1.97454
75.7,2.02115,1.97029
75.8,2.017,1.96606
75.9,2.01287,1.96183
76,2.00875,1.95761
76.1,2.00463,1.9534
76.2,2.00052,1.94921
76.3,1.99643,1.94502
76.4,1.99234,1.94084
76.5,1.98826,1.93667
76.6,1.98419,1.93251
76.7,1.98013,1.92836
76.8,1.97608,1.92422
76.9,1.97204,1.92009
77,1.96801,1.91597
77.1,1.96398,1.91186
77.2,1.95997,1.90776
77.3,1.95596,1.90367
77.4,1.95196,1.89959
77.5,1.94797,1.89551
77.6,1.94399,1.89145
77.7,1.94002,1.8874
77.8,1.93606,1.88335
77.9,1.93211,1.87932
78,1.92816,1.87529
78.1,1.92423,1.87127
78.2,1.9203,1.86727
78.3,1.91638,1.86327
78.4,1.91247,1.85928
78.5,1.90857,1.8553
78.6,1.90467,1.85133
78.7,1.90079,1.84737
78.8,1.89691,1.84342
78.9,1.89305,1.83947
79,1.88919,1.83554
79.1,1.88534,1.83162
79.2,1.8815,1.8277
79.3,1.87766,1.82379
79.4,1.87384,1.8199
79.5,1.87002,1.81601
79.6,1.86621,1.81213
79.7,1.86241,1.80826
79.8,1.85862,1.8044
79.9,1.85484,1.80054
80,1.85106,1.7967
80.1,1.8473,1.79286
80.2,1.84354,1.78904
80.3,1.83979,1.78522
80.4,1.83605,1.78141
80.5,1.83231,1.77761
80.6,1.82859,1.77382
80.7,1.82487,1.77004
80.8,1.82116,1.76626
80.9,1.81746,1.7625
81,1.81376,1.75874
81.1,1.81008,1.75499
81.2,1.8064,1.75125
81.3,1.80273,1.74752
81.4,1.79907,1.7438
81.5,1.79542,1.74009
81.6,1.79177,1.73638
81.7,1.78813,1.73268
81.8,1.7845,1.729
81.9,1.78088,1.72532
82,1.77727,1.72164
82.1,1.77366,1.71798
82.2,1.77006,1.71433
82.3,1.76647,1.71068
82.4,1.76289,1.70704
82.5,1.75932,1.70341
82.6,1.75575,1.69979
82.7,1.75219,1.69618
82.8,1.74864,1.69257
82.9,1.74509,1.68898
83,1.74156,1.68539
83.1,1.73803,1.68181
83.2,1.73451,1.67824
83.3,1.73099,1.67467
83.4,1.72749,1.67112
83.5,1.72399,1.66757
83.6,1.7205,1.66403
83.7,1.71701,1.6605
83.8,1.71354,1.65698
83.9,1.71007,1.65346
84,1.70661,1.64995
84.1,1.70316,1.64645
84.2,1.69971,1.64296
84.3,1.69627,1.63948
84.4,1.69284,1.636
84.5,1.68942,1.63254
84.6,1.686,1.62908
84.7,1.68259,1.62562
84.8,1.67919,1.62218
84.9,1.67579,1.61874
85,1.67241,1.61532
85.1,1.66903,1.6119
85.2,1.66565,1.60848
85.3,1.66229,1.60508
85.4,1.65893,1.60168
85.5,1.65558,1.59829
85.6,1.65224,1.59491
85.7,1.6489,1.59153
85.8,1.64557,1.58817
85.9,1.64225,1.58481
86,1.63893,1.58146
86.1,1.63562,1.57811
86.2,1.63232,1.57478
86.3,1.62903,1.57145
86.4,1.62574,1.56813
86.5,1.62246,1.56481
86.6,1.61919,1.56151
86.7,1.61592,1.55821
86.8,1.61266,1.55492
86.9,1.60941,1.55163
87,1.60616,1.54836
87.1,1.60292,1.54509
87.2,1.59969,1.54183
87.3,1.59647,1.53857
87.4,1.59325,1.53533
87.5,1.59004,1.53209
87.6,1.58683,1.52885
87.7,1.58364,1.52563
87.8,1.58045,1.52241
87.9,1.57726,1.5192
88,1.57409,1.516
88.1,1.57092,1.5128
88.2,1.56775,1.50961
88.3,1.56459,1.50643
88.4,1.56144,1.50326
88.5,1.5583,1.50009
88.6,1.55516,1.49693
88.7,1.55203,1.49377
88.8,1.54891,1.49063
88.9,1.54579,1.48749
89,1.54268,1.48436
89.1,1.53958,1.48123
89.2,1.53648,1.47811
89.3,1.53339,1.475
89.4,1.53031,1.4719
89.5,1.52723,1.4688
89.6,1.52416,1.46571
89.7,1.52109,1.46263
89.8,1.51803,1.45955
89.9,1.51498,1.45648
90,1.51194,1.45342
90.1,1.5089,1.45037
90.2,1.50586,1.44732
90.3,1.50284,1.44428
90.4,1.49982,1.44124
90.5,1.49681,1.43821
90.6,1.4938,1.43519
90.7,1.4908,1.43218
90.8,1.4878,1.42917
90.9,1.48481,1.42617
91,1.48183,1.42317
91.1,1.47886,1.42019
91.2,1.47589,1.4172
91.3,1.47292,1.41423
91.4,1.46997,1.41126
91.5,1.46702,1.4083
91.6,1.46407,1.40535
91.7,1.46113,1.4024
91.8,1.4582,1.39946
91.9,1.45528,1.39652
92,1.45236,1.3936
92.1,1.44944,1.39067
92.2,1.44654,1.38776
92.3,1.44363,1.38485
92.4,1.44074,1.38195
92.5,1.43785,1.37905
92.6,1.43497,1.37616
92.7,1.43209,1.37328
92.8,1.42922,1.3704
92.9,1.42635,1.36753
93,1.42349,1.36467
93.1,1.42064,1.36181
93.2,1.41779,1.35896
93.3,1.41495,1.35612
93.4,1.41212,1.35328
93.5,1.40929,1.35045
93.6,1.40646,1.34762
93.7,1.40364,1.34481
93.8,1.40083,1.34199
93.9,1.39803,1.33919
94,1.39523,1.33639
94.1,1.39243,1.33359
94.2,1.38964,1.3308
94.3,1.38686,1.32802
94.4,1.38409,1.32525
94.5,1.38131,1.32248
94.6,1.37855,1.31972
94.7,1.37579,1.31696
94.8,1.37304,1.31421
94.9,1.37029,1.31146
95,1.36755,1.30873
95.1,1.36481,1.30599
95.2,1.36208,1.30327
95.3,1.35935,1.30055
95.4,1.35664,1.29783
95.5,1.35392,1.29512
95.6,1.35121,1.29242
95.7,1.34851,1.28973
95.8,1.34581,1.28703
95.9,1.34312,1.28435
96,1.34044,1.28167
96.1,1.33776,1.279
96.2,1.33508,1.27633
96.3,1.33241,1.27367
96.4,1.32975,1.27102
96.5,1.32709,1.26837
96.6,1.32444,1.26573
96.7,1.32179,1.26309
96.8,1.31915,1.26046
96.9,1.31652,1.25783
97,1.31389,1.25521
97.1,1.31126,1.2526
97.2,1.30864,1.24999
97.3,1.30603,1.24739
97.4,1.30342,1.24479
97.5,1.30082,1.2422
97.6,1.29822,1.23962
97.7,1.29563,1.23704
97.8,1.29304,1.23446
97.9,1.29046,1.2319
98,1.28788,1.22933
98.1,1.28531,1.22678
98.2,1.28274,1.22423
98.3,1.28018,1.22168
98.4,1.27763,1.21914
98.5,1.27508,1.21661
98.6,1.27254,1.21408
98.7,1.27,1.21156
98.8,1.26746,1.20904
98.9,1.26493,1.20653
99,1.26241,1.20402
99.1,1.25989,1.20152
99.2,1.25738,1.19902
99.3,1.25487,1.19653
99.4,1.25237,1.19405
99.5,1.24987,1.19157
99.6,1.24738,1.1891
99.7,1.24489,1.18663
99.8,1.24241,1.18417
99.9,1.23993,1.18171
100,1.23746,1.17926
100.1,1.23499,1.17681
100.2,1.23253,1.17437
100.3,1.23007,1.17194
100.4,1.22762,1.16951
100.5,1.22518,1.16708
100.6,1.22273,1.16466
100.7,1.2203,1.16225
100.8,1.21787,1.15984
100.9,1.21544,1.15744
101,1.21302,1.15504
101.1,1.2106,1.15264
101.2,1.20819,1.15026
101.3,1.20578,1.14787
101.4,1.20338,1.1455
101.5,1.20099,1.14312
101.6,1.19859,1.14076
101.7,1.19621,1.1384
101.8,1.19383,1.13604
101.9,1.19145,1.13369
102,1.18908,1.13134
102.1,1.18671,1.129
102.2,1.18435,1.12666
102.3,1.18199,1.12433
102.4,1.17964,1.12201
102.5,1.17729,1.11969
102.6,1.17495,1.11737
102.7,1.17261,1.11506
102.8,1.17028,1.11276
102.9,1.16795,1.11046
103,1.16562,1.10816
103.1,1.1633,1.10587
103.2,1.16099,1.10359
103.3,1.15868,1.1013
103.4,1.15638,1.09903
103.5,1.15408,1.09676
103.6,1.15178,1.09449
103.7,1.14949,1.09223
103.8,1.1472,1.08998
103.9,1.14492,1.08773
104,1.14265,1.08548
104.1,1.14037,1.08324
104.2,1.13811,1.08101
104.3,1.13584,1.07877
104.4,1.13359,1.07655
104.5,1.13133,1.07433
104.6,1.12908,1.07211
104.7,1.12684,1.0699
104.8,1.1246,1.06769
104.9,1.12237,1.06549
105,1.12014,1.06329
105.1,1.11791,1.0611
105.2,1.11569,1.05891
105.3,1.11347,1.05673
105.4,1.11126,1.05455
105.5,1.10905,1.05238
105.6,1.10685,1.05021
105.7,1.10465,1.04805
105.8,1.10246,1.04589
105.9,1.10027,1.04373
106,1.09808,1.04158
106.1,1.0959,1.03944
106.2,1.09373,1.0373
106.3,1.09155,1.03516
106.4,1.08939,1.03303
106.5,1.08722,1.03091
106.6,1.08507,1.02878
106.7,1.08291,1.02667
106.8,1.08076,1.02455
106.9,1.07862,1.02245
107,1.07648,1.02034
107.1,1.07434,1.01824
107.2,1.07221,1.01615
107.3,1.07008,1.01406
107.4,1.06796,1.01197
107.5,1.06584,1.00989
107.6,1.06372,1.00782
107.7,1.06161,1.00575
107.8,1.05951,1.00368
107.9,1.0574,1.00162
108,1.05531,0.999558
108.1,1.05321,0.997504
108.2,1.05112,0.995455
108.3,1.04904,0.99341
108.4,1.04696,0.99137
108.5,1.04488,0.989334
108.6,1.04281,0.987303
108.7,1.04074,0.985275
108.8,1.03868,0.983253
108.9,1.03662,0.981234
109,1.03456,0.97922
109.1,1.03251,0.977211
109.2,1.03047,0.975205
109.3,1.02842,0.973205
109.4,1.02639,0.971208
109.5,1.02435,0.969216
109.6,1.02232,0.967228
109.7,1.02029,0.965244
109.8,1.01827,0.963265
109.9,1.01625,0.96129
110,1.01424,0.959319
110.1,1.01223,0.957352
110.2,1.01023,0.95539
110.3,1.00822,0.953432
110.4,1.00623,0.951478
110.5,1.00423,0.949528
110.6,1.00224,0.947583
110.7,1.00026,0.945642
110.8,0.998278,0.943705
110.9,0.996301,0.941772
111,0.994328,0.939843
111.1,0.992359,0.937919
111.2,0.990393,0.935998
111.3,0.988432,0.934082
111.4,0.986475,0.93217
111.5,0.984522,0.930262
111.6,0.982573,0.928358
111.7,0.980627,0.926459
111.8,0.978686,0.924563
111.9,0.976749,0.922672
112,0.974815,0.920784
112.1,0.972886,0.918901
112.2,0.97096,0.917021
112.3,0.969038,0.915146
112.4,0.967121,0.913275
112.5,0.965207,0.911408
112.6,0.963297,0.909545
112.7,0.961391,0.907685
112.8,0.959488,0.90583
112.9,0.95759,0.903979
113,0.955695,0.902132
113.1,0.953805,0.900289
113.2,0.951918,0.898449
113.3,0.950035,0.896614
113.4,0.948155,0.894783
113.5,0.94628,0.892955
113.6,0.944408,0.891132
113.7,0.94254,0.889312
113.8,0.940676,0.887496
113.9,0.938816,0.885685
114,0.936959,0.883877
114.1,0.935107,0.882073
114.2,0.933258,0.880273
114.3,0.931412,0.878476
114.4,0.929571,0.876684
114.5,0.927733,0.874896
114.6,0.925899,0.873111
114.7,0.924069,0.87133
114.8,0.922242,0.869553
114.9,0.920419,0.86778
115,0.9186,0.86601
115.1,0.916784,0.864244
115.2,0.914972,0.862483
115.3,0.913164,0.860725
115.4,0.911359,0.85897
115.5,0.909558,0.85722
115.6,0.907761,0.855473
115.7,0.905967,0.85373
115.8,0.904177,0.85199
115.9,0.902391,0.850255
116,0.900608,0.848523
116.1,0.898829,0.846795
116.2,0.897053,0.84507
116.3,0.895281,0.843349
116.4,0.893513,0.841632
116.5,0.891748,0.839919
116.6,0.889986,0.838209
116.7,0.888229,0.836503
116.8,0.886474,0.8348
116.9,0.884724,0.833102
117,0.882976,0.831406
117.1,0.881233,0.829715
117.2,0.879493,0.828027
117.3,0.877756,0.826342
117.4,0.876023,0.824662
117.5,0.874294,0.822984
117.6,0.872567,0.821311
117.7,0.870845,0.819641
117.8,0.869126,0.817974
117.9,0.86741,0.816311
118,0.865698,0.814652
118.1,0.863989,0.812996
118.2,0.862284,0.811344
118.3,0.860582,0.809695
118.4,0.858884,0.80805
118.5,0.857189,0.806408
118.6,0.855497,0.80477
118.7,0.853809,0.803135
118.8,0.852124,0.801504
118.9,0.850443,0.799876
119,0.848765,0.798252
119.1,0.84709,0.796631
119.2,0.845419,0.795013
119.3,0.843751,0.793399
119.4,0.842086,0.791789
119.5,0.840425,0.790182
119.6,0.838767,0.788578
119.7,0.837113,0.786978
119.8,0.835462,0.785381
119.9,0.833814,0.783787
120,0.83217,0.782197
120.1,0.830528,0.780611
120.2,0.828891,0.779027
120.3,0.827256,0.777447
120.4,0.825625,0.775871
120.5,0.823997,0.774297
120.6,0.822372,0.772727
120.7,0.82075,0.771161
120.8,0.819132,0.769598
120.9,0.817517,0.768038
121,0.815906,0.766481
121.1,0.814297,0.764928
121.2,0.812692,0.763378
121.3,0.81109,0.761831
121.4,0.809491,0.760287
121.5,0.807896,0.758747
121.6,0.806303,0.75721
121.7,0.804714,0.755676
121.8,0.803128,0.754146
121.9,0.801545,0.752619
122,0.799966,0.751095
122.1,0.798389,0.749574
122.2,0.796816,0.748057
122.3,0.795246,0.746542
122.4,0.793679,0.745031
122.5,0.792115,0.743523
122.6,0.790555,0.742019
122.7,0.788997,0.740517
122.8,0.787443,0.739019
122.9,0.785892,0.737524
123,0.784344,0.736032
123.1,0.782799,0.734543
123.2,0.781257,0.733057
123.3,0.779718,0.731575
123.4,0.778182,0.730095
123.5,0.776649,0.728619
123.6,0.77512,0.727146
123.7,0.773593,0.725676
123.8,0.77207,0.724209
123.9,0.77055,0.722745
124,0.769032,0.721284
124.1,0.767518,0.719826
124.2,0.766007,0.718372
124.3,0.764498,0.71692
124.4,0.762993,0.715472
124.5,0.761491,0.714026
124.6,0.759992,0.712584
124.7,0.758496,0.711144
124.8,0.757003,0.709708
124.9,0.755513,0.708275
125,0.754025,0.706845
125.1,0.752541,0.705417
125.2,0.75106,0.703993
125.3,0.749582,0.702572
125.4,0.748106,0.701153
125.5,0.746634,0.699738
125.6,0.745165,0.698326
125.7,0.743698,0.696917
125.8,0.742235,0.69551
125.9,0.740774,0.694107
126,0.739317,0.692706
126.1,0.737862,0.691309
126.2,0.73641,0.689914
126.3,0.734961,0.688523
126.4,0.733515,0.687134
126.5,0.732072,0.685748
126.6,0.730632,0.684365
126.7,0.729195,0.682985
126.8,0.72776,0.681608
126.9,0.726329,0.680234
127,0.7249,0.678863
127.1,0.723474,0.677494
127.2,0.722051,0.676129
127.3,0.720631,0.674766
127.4,0.719214,0.673406
127.5,0.717799,0.672049
127.6,0.716388,0.670695
127.7,0.714979,0.669344
127.8,0.713573,0.667995
127.9,0.71217,0.66665
128,0.710769,0.665307
128.1,0.709372,0.663967
128.2,0.707977,0.662629
128.3,0.706585,0.661295
128.4,0.705196,0.659963
128.5,0.703809,0.658635
128.6,0.702426,0.657309
128.7,0.701045,0.655985
128.8,0.699667,0.654665
128.9,0.698291,0.653347
129,0.696919,0.652032
129.1,0.695549,0.65072
129.2,0.694182,0.64941
129.3,0.692817,0.648103
129.4,0.691456,0.646799
129.5,0.690097,0.645498
129.6,0.688741,0.6442
129.7,0.687387,0.642904
129.8,0.686036,0.641611
129.9,0.684688,0.64032
130,0.683343,0.639032
130.1,0.682,0.637747
130.2,0.68066,0.636465
130.3,0.679323,0.635185
130.4,0.677988,0.633908
130.5,0.676656,0.632634
130.6,0.675326,0.631362
130.7,0.674,0.630093
130.8,0.672676,0.628827
130.9,0.671354,0.627563
131,0.670035,0.626302
131.1,0.668719,0.625043
131.2,0.667406,0.623787
131.3,0.666095,0.622534
131.4,0.664786,0.621284
131.5,0.663481,0.620036
131.6,0.662178,0.61879
131.7,0.660877,0.617547
131.8,0.659579,0.616307
131.9,0.658284,0.61507
132,0.656991,0.613835
132.1,0.655701,0.612602
132.2,0.654414,0.611372
132.3,0.653129,0.610145
132.4,0.651846,0.60892
132.5,0.650566,0.607698
132.6,0.649289,0.606478
132.7,0.648014,0.605261
132.8,0.646742,0.604047
132.9,0.645472,0.602835
133,0.644205,0.601625
133.1,0.64294,0.600418
133.2,0.641678,0.599214
133.3,0.640419,0.598012
133.4,0.639162,0.596812
133.5,0.637907,0.595615
133.6,0.636655,0.594421
133.7,0.635405,0.593229
133.8,0.634158,0.592039
133.9,0.632914,0.590852
134,0.631672,0.589668
134.1,0.630432,0.588486
134.2,0.629195,0.587306
134.3,0.62796,0.586129
134.4,0.626728,0.584954
134.5,0.625498,0.583782
134.6,0.624271,0.582612
134.7,0.623046,0.581444
134.8,0.621823,0.58028
134.9,0.620603,0.579117
135,0.619386,0.577957
135.1,0.61817,0.576799
135.2,0.616958,0.575644
135.3,0.615747,0.574491
135.4,0.614539,0.57334
135.5,0.613334,0.572192
135.6,0.612131,0.571046
135.7,0.61093,0.569903
135.8,0.609732,0.568762
135.9,0.608536,0.567623
136,0.607342,0.566487
136.1,0.606151,0.565353
136.2,0.604962,0.564222
136.3,0.603776,0.563093
136.4,0.602591,0.561966
136.5,0.60141,0.560841
136.6,0.60023,0.559719
136.7,0.599053,0.558599
136.8,0.597878,0.557482
136.9,0.596706,0.556367
137,0.595536,0.555254
137.1,0.594368,0.554143
137.2,0.593203,0.553035
137.3,0.59204,0.551929
137.4,0.590879,0.550825
137.5,0.589721,0.549724
137.6,0.588564,0.548625
137.7,0.587411,0.547528
137.8,0.586259,0.546433
137.9,0.58511,0.545341
138,0.583963,0.544251
138.1,0.582818,0.543163
138.2,0.581676,0.542078
138.3,0.580535,0.540995
138.4,0.579398,0.539914
138.5,0.578262,0.538835
138.6,0.577129,0.537758
138.7,0.575997,0.536684
138.8,0.574869,0.535612
138.9,0.573742,0.534542
139,0.572618,0.533474
139.1,0.571495,0.532409
139.2,0.570375,0.531346
139.3,0.569258,0.530285
139.4,0.568142,0.529226
139.5,0.567029,0.528169
139.6,0.565918,0.527115
139.7,0.564809,0.526062
139.8,0.563702,0.525012
139.9,0.562598,0.523964
140,0.561496,0.522918
140.1,0.560396,0.521875
140.2,0.559298,0.520833
140.3,0.558202,0.519794
140.4,0.557108,0.518757
140.5,0.556017,0.517722
140.6,0.554928,0.516689
140.7,0.553841,0.515658
140.8,0.552756,0.514629
140.9,0.551673,0.513603
141,0.550593,0.512578
141.1,0.549514,0.511556
141.2,0.548438,0.510536
141.3,0.547364,0.509518
141.4,0.546292,0.508502
141.5,0.545222,0.507488
141.6,0.544154,0.506476
141.7,0.543088,0.505466
141.8,0.542025,0.504459
141.9,0.540963,0.503453
142,0.539904,0.50245
142.1,0.538847,0.501448
142.2,0.537792,0.500449
142.3,0.536739,0.499452
142.4,0.535688,0.498457
142.5,0.534639,0.497463
142.6,0.533592,0.496472
142.7,0.532547,0.495483
142.8,0.531505,0.494496
142.9,0.530464,0.493511
143,0.529426,0.492528
143.1,0.528389,0.491547
143.2,0.527355,0.490568
143.3,0.526322,0.489591
143.4,0.525292,0.488616
143.5,0.524264,0.487643
143.6,0.523238,0.486673
143.7,0.522213,0.485704
143.8,0.521191,0.484737
143.9,0.520171,0.483772
144,0.519153,0.482809
144.1,0.518137,0.481848
144.2,0.517123,0.480889
144.3,0.516111,0.479932
144.4,0.515101,0.478977
144.5,0.514093,0.478024
144.6,0.513087,0.477073
144.7,0.512083,0.476124
144.8,0.511081,0.475176
144.9,0.51008,0.474231
145,0.509082,0.473288
145.1,0.508086,0.472346
145.2,0.507092,0.471407
145.3,0.5061,0.470469
145.4,0.50511,0.469534
145.5,0.504121,0.4686
145.6,0.503135,0.467668
145.7,0.502151,0.466739
145.8,0.501168,0.465811
145.9,0.500188,0.464885
146,0.499209,0.463961
146.1,0.498233,0.463038
146.2,0.497258,0.462118
146.3,0.496285,0.4612
146.4,0.495314,0.460283
146.5,0.494346,0.459368
146.6,0.493379,0.458456
146.7,0.492414,0.457545
146.8,0.49145,0.456636
146.9,0.490489,0.455728
147,0.48953,0.454823
147.1,0.488572,0.45392
147.2,0.487617,0.453018
147.3,0.486663,0.452118
147.4,0.485711,0.45122
147.5,0.484762,0.450324
147.6,0.483814,0.44943
147.7,0.482867,0.448538
147.8,0.481923,0.447647
147.9,0.480981,0.446758
148,0.48004,0.445871
148.1,0.479102,0.444986
148.2,0.478165,0.444103
148.3,0.47723,0.443222
148.4,0.476297,0.442342
148.5,0.475366,0.441464
148.6,0.474436,0.440588
148.7,0.473509,0.439714
148.8,0.472583,0.438841
148.9,0.471659,0.43797
149,0.470737,0.437102
149.1,0.469817,0.436234
149.2,0.468898,0.435369
149.3,0.467981,0.434505
149.4,0.467067,0.433644
149.5,0.466154,0.432783
149.6,0.465242,0.431925
149.7,0.464333,0.431069
149.8,0.463425,0.430214
149.9,0.46252,0.429361
150,0.461616,0.428509
150.1,0.460713,0.42766
150.2,0.459813,0.426812
150.3,0.458914,0.425966
150.4,0.458017,0.425122
150.5,0.457122,0.424279
150.6,0.456229,0.423438
150.7,0.455337,0.422599
150.8,0.454447,0.421761
150.9,0.453559,0.420926
151,0.452673,0.420092
151.1,0.451788,0.419259
151.2,0.450906,0.418429
151.3,0.450025,0.4176
151.4,0.449145,0.416772
151.5,0.448268,0.415947
151.6,0.447392,0.415123
151.7,0.446518,0.414301
151.8,0.445645,0.41348
151.9,0.444775,0.412661
152,0.443906,0.411844
152.1,0.443038,0.411029
152.2,0.442173,0.410215
152.3,0.441309,0.409402
152.4,0.440447,0.408592
152.5,0.439586,0.407783
152.6,0.438728,0.406976
152.7,0.437871,0.40617
152.8,0.437015,0.405366
152.9,0.436162,0.404564
153,0.43531,0.403763
153.1,0.434459,0.402964
153.2,0.433611,0.402167
153.3,0.432764,0.401371
153.4,0.431919,0.400577
153.5,0.431075,0.399784
153.6,0.430233,0.398993
153.7,0.429393,0.398204
153.8,0.428554,0.397416
153.9,0.427717,0.39663
154,0.426882,0.395846
154.1,0.426048,0.395063
154.2,0.425216,0.394282
154.3,0.424386,0.393502
154.4,0.423557,0.392724
154.5,0.42273,0.391947
154.6,0.421905,0.391172
154.7,0.421081,0.390399
154.8,0.420259,0.389627
154.9,0.419438,0.388857
155,0.418619,0.388088
155.1,0.417802,0.387321
155.2,0.416986,0.386555
155.3,0.416172,0.385791
155.4,0.415359,0.385029
155.5,0.414548,0.384268
155.6,0.413739,0.383509
155.7,0.412931,0.382751
155.8,0.412125,0.381995
155.9,0.411321,0.38124
156,0.410518,0.380487
156.1,0.409716,0.379735
156.2,0.408916,0.378985
156.3,0.408118,0.378236
156.4,0.407322,0.377489
156.5,0.406526,0.376744
156.6,0.405733,0.376
156.7,0.404941,0.375257
156.8,0.404151,0.374516
156.9,0.403362,0.373777
157,0.402575,0.373039
157.1,0.401789,0.372302
157.2,0.401005,0.371567
157.3,0.400222,0.370833
157.4,0.399441,0.370101
157.5,0.398661,0.369371
157.6,0.397883,0.368642
157.7,0.397107,0.367914
157.8,0.396332,0.367188
157.9,0.395558,0.366463
158,0.394787,0.36574
158.1,0.394016,0.365018
158.2,0.393247,0.364298
158.3,0.39248,0.363579
158.4,0.391714,0.362862
158.5,0.39095,0.362146
158.6,0.390187,0.361432
158.7,0.389426,0.360719
158.8,0.388666,0.360007
158.9,0.387908,0.359297
159,0.387151,0.358588
159.1,0.386395,0.357881
159.2,0.385642,0.357175
159.3,0.384889,0.356471
159.4,0.384138,0.355768
159.5,0.383389,0.355067
159.6,0.382641,0.354366
159.7,0.381894,0.353668
159.8,0.381149,0.352971
159.9,0.380406,0.352275
160,0.379664,0.35158
160.1,0.378923,0.350887
160.2,0.378184,0.350196
160.3,0.377446,0.349505
160.4,0.37671,0.348817
160.5,0.375975,0.348129
160.6,0.375242,0.347443
160.7,0.37451,0.346758
160.8,0.37378,0.346075
160.9,0.373051,0.345393
161,0.372323,0.344713
161.1,0.371597,0.344033
161.2,0.370872,0.343356
161.3,0.370149,0.342679
161.4,0.369427,0.342004
161.5,0.368707,0.341331
161.6,0.367988,0.340658
161.7,0.36727,0.339987
161.8,0.366554,0.339318
161.9,0.365839,0.33865
162,0.365126,0.337983
162.1,0.364414,0.337317
162.2,0.363703,0.336653
162.3,0.362994,0.33599
162.4,0.362286,0.335329
162.5,0.36158,0.334668
162.6,0.360875,0.334009
162.7,0.360171,0.333352
162.8,0.359469,0.332696
162.9,0.358768,0.332041
163,0.358068,0.331387
163.1,0.35737,0.330735
163.2,0.356674,0.330084
163.3,0.355978,0.329435
163.4,0.355284,0.328786
163.5,0.354592,0.328139
163.6,0.3539,0.327494
163.7,0.35321,0.326849
163.8,0.352522,0.326206
163.9,0.351835,0.325564
164,0.351149,0.324924
164.1,0.350464,0.324285
164.2,0.349781,0.323647
164.3,0.349099,0.32301
164.4,0.348419,0.322375
164.5,0.34774,0.321741
164.6,0.347062,0.321108
164.7,0.346385,0.320477
164.8,0.34571,0.319846
164.9,0.345037,0.319217
165,0.344364,0.31859
165.1,0.343693,0.317963
165.2,0.343023,0.317338
165.3,0.342355,0.316714
165.4,0.341687,0.316092
165.5,0.341021,0.31547
165.6,0.340357,0.31485
165.7,0.339694,0.314231
165.8,0.339032,0.313613
165.9,0.338371,0.312997
166,0.337711,0.312382
166.1,0.337053,0.311768
166.2,0.336397,0.311155
166.3,0.335741,0.310544
166.4,0.335087,0.309933
166.5,0.334434,0.309324
166.6,0.333782,0.308717
166.7,0.333132,0.30811
166.8,0.332483,0.307505
166.9,0.331835,0.306901
167,0.331188,0.306298
167.1,0.330543,0.305696
167.2,0.329899,0.305096
167.3,0.329256,0.304496
167.4,0.328615,0.303898
167.5,0.327975,0.303301
167.6,0.327336,0.302706
167.7,0.326698,0.302111
167.8,0.326062,0.301518
167.9,0.325426,0.300926
168,0.324792,0.300335
168.1,0.32416,0.299745
168.2,0.323528,0.299157
168.3,0.322898,0.298569
168.4,0.322269,0.297983
168.5,0.321641,0.297398
168.6,0.321015,0.296814
168.7,0.320389,0.296232
168.8,0.319765,0.29565
168.9,0.319142,0.29507
169,0.318521,0.294491
169.1,0.3179,0.293913
169.2,0.317281,0.293336
169.3,0.316663,0.29276
169.4,0.316047,0.292186
169.5,0.315431,0.291612
169.6,0.314817,0.29104
169.7,0.314204,0.290469
169.8,0.313592,0.289899
169.9,0.312981,0.28933
170,0.312371,0.288762
170.1,0.311763,0.288196
170.2,0.311156,0.287631
170.3,0.31055,0.287066
170.4,0.309945,0.286503
170.5,0.309342,0.285941
170.6,0.308739,0.28538
170.7,0.308138,0.284821
170.8,0.307538,0.284262
170.9,0.306939,0.283704
171,0.306341,0.283148
171.1,0.305745,0.282593
171.2,0.30515,0.282039
171.3,0.304555,0.281486
171.4,0.303962,0.280934
171.5,0.303371,0.280383
171.6,0.30278,0.279833
171.7,0.30219,0.279284
171.8,0.301602,0.278737
171.9,0.301015,0.27819
172,0.300429,0.277645
172.1,0.299844,0.277101
172.2,0.29926,0.276557
172.3,0.298678,0.276015
172.4,0.298096,0.275474
172.5,0.297516,0.274934
172.6,0.296937,0.274396
172.7,0.296358,0.273858
172.8,0.295782,0.273321
172.9,0.295206,0.272785
173,0.294631,0.272251
173.1,0.294058,0.271717
173.2,0.293485,0.271185
173.3,0.292914,0.270654
173.4,0.292344,0.270123
173.5,0.291775,0.269594
173.6,0.291207,0.269066
173.7,0.29064,0.268539
173.8,0.290074,0.268013
173.9,0.28951,0.267488
174,0.288946,0.266964
174.1,0.288384,0.266441
174.2,0.287822,0.265919
174.3,0.287262,0.265398
174.4,0.286703,0.264878
174.5,0.286145,0.264359
174.6,0.285588,0.263842
174.7,0.285032,0.263325
174.8,0.284478,0.262809
174.9,0.283924,0.262295
175,0.283372,0.261781
175.1,0.28282,0.261268
175.2,0.28227,0.260757
175.3,0.28172,0.260246
175.4,0.281172,0.259737
175.5,0.280625,0.259228
175.6,0.280079,0.258721
175.7,0.279534,0.258214
175.8,0.27899,0.257709
175.9,0.278447,0.257204
176,0.277905,0.256701
176.1,0.277365,0.256198
176.2,0.276825,0.255697
176.3,0.276286,0.255196
176.4,0.275749,0.254697
176.5,0.275212,0.254199
176.6,0.274677,0.253701
176.7,0.274142,0.253205
176.8,0.273609,0.252709
176.9,0.273076,0.252215
177,0.272545,0.251721
177.1,0.272015,0.251229
177.2,0.271486,0.250737
177.3,0.270958,0.250246
177.4,0.27043,0.249757
177.5,0.269904,0.249268
177.6,0.269379,0.24878
177.7,0.268855,0.248294
177.8,0.268332,0.247808
177.9,0.26781,0.247323
178,0.267289,0.24684
178.1,0.266769,0.246357
178.2,0.26625,0.245875
178.3,0.265732,0.245394
178.4,0.265215,0.244914
178.5,0.264699,0.244435
178.6,0.264185,0.243957
178.7,0.263671,0.24348
178.8,0.263158,0.243004
178.9,0.262646,0.242529
179,0.262135,0.242054
179.1,0.261625,0.241581
179.2,0.261116,0.241109
179.3,0.260608,0.240637
179.4,0.260102,0.240167
179.5,0.259596,0.239697
179.6,0.259091,0.239229
179.7,0.258587,0.238761
179.8,0.258084,0.238294
179.9,0.257582,0.237828
180,0.257081,0.237364
180.1,0.256581,0.2369
180.2,0.256082,0.236436
180.3,0.255584,0.235974
180.4,0.255087,0.235513
180.5,0.254591,0.235053
180.6,0.254096,0.234593
180.7,0.253602,0.234135
180.8,0.253109,0.233677
180.9,0.252616,0.233221
181,0.252125,0.232765
181.1,0.251635,0.23231
181.2,0.251146,0.231856
181.3,0.250657,0.231403
181.4,0.25017,0.230951
181.5,0.249683,0.2305
181.6,0.249198,0.23005
181.7,0.248713,0.2296
181.8,0.24823,0.229152
181.9,0.247747,0.228704
182,0.247265,0.228257
182.1,0.246785,0.227811
182.2,0.246305,0.227366
182.3,0.245826,0.226922
182.4,0.245348,0.226479
182.5,0.244871,0.226037
182.6,0.244395,0.225595
182.7,0.24392,0.225154
182.8,0.243445,0.224715
182.9,0.242972,0.224276
183,0.2425,0.223838
183.1,0.242028,0.223401
183.2,0.241558,0.222965
183.3,0.241088,0.222529
183.4,0.240619,0.222095
183.5,0.240152,0.221661
183.6,0.239685,0.221228
183.7,0.239219,0.220796
183.8,0.238754,0.220365
183.9,0.23829,0.219935
184,0.237827,0.219506
184.1,0.237364,0.219077
184.2,0.236903,0.218649
184.3,0.236442,0.218223
184.4,0.235983,0.217797
184.5,0.235524,0.217371
184.6,0.235066,0.216947
184.7,0.234609,0.216524
184.8,0.234153,0.216101
184.9,0.233698,0.215679
185,0.233244,0.215258
185.1,0.232791,0.214838
185.2,0.232338,0.214419
185.3,0.231887,0.214001
185.4,0.231436,0.213583
185.5,0.230986,0.213166
185.6,0.230537,0.21275
185.7,0.230089,0.212335
185.8,0.229642,0.211921
185.9,0.229196,0.211507
186,0.22875,0.211095
186.1,0.228306,0.210683
186.2,0.227862,0.210272
186.3,0.227419,0.209861
186.4,0.226977,0.209452
186.5,0.226536,0.209043
186.6,0.226096,0.208636
186.7,0.225656,0.208229
186.8,0.225218,0.207822
186.9,0.22478,0.207417
187,0.224343,0.207012
187.1,0.223907,0.206609
187.2,0.223472,0.206206
187.3,0.223038,0.205804
187.4,0.222605,0.205402
187.5,0.222172,0.205002
187.6,0.22174,0.204602
187.7,0.22131,0.204203
187.8,0.22088,0.203805
187.9,0.22045,0.203407
188,0.220022,0.20301
188.1,0.219595,0.202615
188.2,0.219168,0.20222
188.3,0.218742,0.201825
188.4,0.218317,0.201432
188.5,0.217893,0.201039
188.6,0.21747,0.200647
188.7,0.217047,0.200256
188.8,0.216625,0.199865
188.9,0.216204,0.199476
189,0.215784,0.199087
189.1,0.215365,0.198699
189.2,0.214947,0.198311
189.3,0.214529,0.197925
189.4,0.214112,0.197539
189.5,0.213696,0.197154
189.6,0.213281,0.19677
189.7,0.212867,0.196386
189.8,0.212453,0.196003
189.9,0.212041,0.195621
190,0.211629,0.19524
190.1,0.211218,0.19486
190.2,0.210807,0.19448
190.3,0.210398,0.194101
190.4,0.209989,0.193723
190.5,0.209581,0.193345
190.6,0.209174,0.192968
190.7,0.208768,0.192592
190.8,0.208362,0.192217
190.9,0.207958,0.191843
191,0.207554,0.191469
191.1,0.20715,0.191096
191.2,0.206748,0.190723
191.3,0.206347,0.190352
191.4,0.205946,0.189981
191.5,0.205546,0.189611
191.6,0.205146,0.189241
191.7,0.204748,0.188873
191.8,0.20435,0.188505
191.9,0.203953,0.188138
192,0.203557,0.187771
192.1,0.203162,0.187405
192.2,0.202767,0.18704
192.3,0.202374,0.186676
192.4,0.201981,0.186312
192.5,0.201588,0.185949
192.6,0.201197,0.185587
192.7,0.200806,0.185226
192.8,0.200416,0.184865
192.9,0.200027,0.184505
193,0.199638,0.184146
193.1,0.199251,0.183787
193.2,0.198864,0.183429
193.3,0.198478,0.183072
193.4,0.198092,0.182716
193.5,0.197707,0.18236
193.6,0.197323,0.182005
193.7,0.19694,0.18165
193.8,0.196558,0.181297
193.9,0.196176,0.180944
194,0.195795,0.180591
194.1,0.195415,0.18024
194.2,0.195036,0.179889
194.3,0.194657,0.179539
194.4,0.194279,0.179189
194.5,0.193902,0.17884
194.6,0.193525,0.178492
194.7,0.193149,0.178145
194.8,0.192774,0.177798
194.9,0.1924,0.177452
195,0.192026,0.177106
195.1,0.191654,0.176762
195.2,0.191281,0.176418
195.3,0.19091,0.176074
195.4,0.190539,0.175731
195.5,0.190169,0.175389
195.6,0.1898,0.175048
195.7,0.189432,0.174707
195.8,0.189064,0.174367
195.9,0.188697,0.174028
196,0.188331,0.173689
196.1,0.187965,0.173351
196.2,0.1876,0.173014
196.3,0.187236,0.172677
196.4,0.186872,0.172341
196.5,0.186509,0.172006
196.6,0.186147,0.171671
196.7,0.185786,0.171337
196.8,0.185425,0.171004
196.9,0.185065,0.170671
197,0.184706,0.170339
197.1,0.184348,0.170008
197.2,0.18399,0.169677
197.3,0.183633,0.169347
197.4,0.183276,0.169017
197.5,0.18292,0.168689
197.6,0.182565,0.16836
197.7,0.182211,0.168033
197.8,0.181857,0.167706
197.9,0.181504,0.16738
198,0.181152,0.167054
198.1,0.1808,0.166729
198.2,0.180449,0.166405
198.3,0.180099,0.166081
198.4,0.179749,0.165758
198.5,0.1794,0.165436
198.6,0.179052,0.165114
198.7,0.178705,0.164793
198.8,0.178358,0.164472
198.9,0.178012,0.164153
199,0.177666,0.163833
199.1,0.177321,0.163515
199.2,0.176977,0.163197
199.3,0.176634,0.162879
199.4,0.176291,0.162563
199.5,0.175949,0.162246
199.6,0.175607,0.161931
199.7,0.175266,0.161616
199.8,0.174926,0.161302
199.9,0.174587,0.160988
200,0.174248,0.160675
